Sample,Temp 1,Temp 2,Temp 3,Rate 1,Rate 2,Rate 3,Thick 1,Thick 2,Thick 3,Pressure
0,72.9,20.5,23.5,-0.0,0.0,-0.0,-0.002,0.0,-0.003,2.38e-06
1,73.4,20.5,23.6,-0.0,0.0,0.0,-0.002,0.0,-0.003,2.38e-06
2,73.9,20.5,23.6,-0.0,0.0,0.0,-0.002,0.0,-0.004,2.38e-06
3,74.4,20.5,23.7,-0.0,0.0,0.0,-0.002,0.0,-0.004,2.38e-06
4,74.9,20.5,23.7,-0.0,0.0,-0.0,-0.002,0.0,-0.004,2.38e-06
5,75.4,20.5,23.8,-0.0,0.0,-0.01,-0.002,0.0,-0.004,2.38e-06
6,75.9,20.5,23.9,-0.0,0.0,-0.01,-0.002,0.0,-0.004,2.38e-06
7,76.4,20.5,23.9,-0.0,0.0,0.01,-0.002,0.0,-0.004,2.38e-06
8,76.8,20.5,24.0,-0.0,0.0,0.01,-0.002,0.0,-0.004,2.39e-06
9,77.4,20.5,24.1,0.0,0.0,-0.0,-0.002,0.0,-0.004,2.39e-06
10,77.8,20.5,24.2,-0.0,0.0,0.01,-0.002,0.0,-0.004,2.39e-06
11,78.4,20.5,24.3,-0.0,0.0,-0.0,-0.002,0.0,-0.004,2.39e-06
12,78.8,20.5,24.4,-0.0,0.0,-0.0,-0.002,0.0,-0.004,2.39e-06
13,79.4,20.5,24.5,0.0,0.0,0.0,-0.002,0.0,-0.004,2.4e-06
14,79.8,20.5,24.6,-0.0,0.0,-0.0,-0.002,0.0,-0.004,2.4e-06
15,80.3,20.5,24.7,-0.0,0.0,-0.0,-0.002,0.0,-0.004,2.4e-06
16,80.8,20.5,24.8,-0.0,0.0,0.0,-0.002,0.0,-0.004,2.4e-06
17,81.3,20.5,25.0,-0.0,0.0,-0.0,-0.002,0.0,-0.004,2.41e-06
18,81.8,20.5,25.1,-0.0,0.0,0.01,-0.002,0.0,-0.004,2.41e-06
19,82.3,20.5,25.2,0.0,0.0,-0.0,-0.002,0.0,-0.004,2.41e-06
20,82.8,20.5,25.4,0.0,0.0,0.01,-0.002,0.0,-0.004,2.42e-06
21,83.3,20.5,25.5,-0.0,0.0,0.0,-0.002,0.0,-0.004,2.42e-06
22,83.8,20.5,25.7,-0.0,0.0,-0.0,-0.002,0.0,-0.004,2.42e-06
23,84.3,20.5,25.9,-0.0,0.0,-0.01,-0.002,0.0,-0.004,2.43e-06
24,84.8,20.5,26.0,-0.0,0.0,-0.0,-0.002,0.0,-0.004,2.43e-06
25,85.3,20.5,26.2,-0.0,0.0,-0.0,-0.002,0.0,-0.004,2.44e-06
26,85.8,20.5,26.4,-0.0,0.0,0.01,-0.002,0.0,-0.004,2.44e-06
27,86.3,20.5,26.6,0.0,0.0,-0.0,-0.002,0.0,-0.004,2.44e-06
28,86.8,20.5,26.8,-0.0,0.0,-0.0,-0.002,0.0,-0.004,2.45e-06
29,87.3,20.5,27.0,0.0,0.0,-0.0,-0.002,0.0,-0.004,2.45e-06
30,87.8,20.5,27.2,-0.0,0.0,0.01,-0.002,0.0,-0.004,2.45e-06
31,88.3,20.5,27.4,0.0,0.0,0.0,-0.002,0.0,-0.004,2.45e-06
32,88.8,20.5,27.6,0.0,0.0,0.0,-0.002,0.0,-0.004,2.46e-06
33,89.3,20.5,27.8,-0.0,0.0,0.01,-0.002,0.0,-0.004,2.46e-06
34,89.8,20.5,28.0,0.0,0.0,-0.01,-0.002,0.0,-0.004,2.46e-06
35,90.2,20.5,28.3,-0.0,0.0,-0.0,-0.002,0.0,-0.004,2.47e-06
36,90.7,20.5,28.5,-0.0,0.0,0.0,-0.002,0.0,-0.004,2.47e-06
37,91.2,20.5,28.8,-0.0,0.0,0.01,-0.002,0.0,-0.003,2.47e-06
38,91.7,20.4,29.0,-0.0,0.0,-0.0,-0.002,0.0,-0.003,2.47e-06
39,92.2,20.4,29.3,0.0,0.0,0.01,-0.002,0.0,-0.003,2.48e-06
40,92.7,20.4,29.6,0.0,0.0,0.0,-0.002,0.0,-0.003,2.48e-06
41,93.2,20.4,29.8,-0.0,0.0,0.0,-0.002,0.0,-0.003,2.48e-06
42,93.7,20.4,30.1,0.0,0.0,0.01,-0.002,0.0,-0.003,2.48e-06
43,94.2,20.4,30.4,0.0,0.0,0.01,-0.002,0.0,-0.003,2.48e-06
44,94.7,20.4,30.7,-0.0,0.0,0.01,-0.002,0.0,-0.003,2.49e-06
45,95.2,20.4,31.1,-0.0,0.0,0.01,-0.002,0.0,-0.003,2.49e-06
46,95.7,20.4,31.4,0.0,0.0,0.01,-0.002,0.0,-0.003,2.49e-06
47,96.2,20.4,31.7,-0.0,0.0,0.01,-0.002,0.0,-0.003,2.49e-06
48,96.7,20.4,32.0,-0.0,0.0,-0.0,-0.002,0.0,-0.003,2.49e-06
49,97.2,20.4,32.3,-0.0,0.0,0.0,-0.002,0.0,-0.003,2.49e-06
50,97.7,20.4,32.7,0.0,0.0,0.02,-0.002,0.0,-0.003,2.49e-06
51,98.2,20.4,33.0,-0.0,0.0,0.0,-0.002,0.0,-0.003,2.49e-06
52,98.6,20.4,33.3,0.0,0.0,-0.01,-0.002,0.0,-0.003,2.49e-06
53,99.1,20.4,33.6,0.0,0.0,0.0,-0.002,0.0,-0.003,2.49e-06
54,99.6,20.4,34.0,-0.0,0.0,-0.01,-0.002,0.0,-0.003,2.49e-06
55,100.1,20.4,34.4,-0.0,0.0,-0.0,-0.002,0.0,-0.003,2.49e-06
56,100.6,20.4,34.7,0.0,0.0,0.01,-0.002,0.0,-0.003,2.49e-06
57,101.0,20.4,35.1,0.0,0.0,0.01,-0.002,0.0,-0.003,2.49e-06
58,101.6,20.4,35.4,0.0,0.0,0.0,-0.002,0.0,-0.003,2.49e-06
59,102.0,20.4,35.8,-0.0,0.0,0.01,-0.002,0.0,-0.003,2.49e-06
60,102.5,20.4,36.2,0.0,0.0,0.01,-0.002,0.0,-0.003,2.49e-06
61,103.0,20.4,36.6,0.0,0.0,-0.0,-0.002,0.0,-0.003,2.49e-06
62,103.5,20.4,37.0,-0.0,0.0,0.01,-0.002,0.0,-0.003,2.49e-06
63,104.0,20.4,37.4,0.0,0.0,0.01,-0.002,0.0,-0.003,2.49e-06
64,104.5,20.4,37.8,0.0,0.0,0.0,-0.002,0.0,-0.003,2.49e-06
65,105.0,20.4,38.3,0.0,0.0,0.01,-0.002,0.0,-0.003,2.49e-06
66,105.5,20.4,38.7,0.0,0.0,0.01,-0.002,0.0,-0.003,2.49e-06
67,106.0,20.4,39.1,-0.0,0.0,0.01,-0.002,0.0,-0.003,2.48e-06
68,106.5,20.4,39.5,-0.0,0.0,0.01,-0.002,0.0,-0.003,2.48e-06
69,106.9,20.4,40.0,0.0,0.0,0.01,-0.002,0.0,-0.003,2.48e-06
70,107.4,20.4,40.4,0.0,0.0,0.01,-0.002,0.0,-0.003,2.48e-06
71,107.9,20.4,40.8,0.0,0.0,0.01,-0.002,0.0,-0.003,2.48e-06
72,108.4,20.4,41.2,0.0,0.0,0.0,-0.002,0.0,-0.003,2.48e-06
73,108.9,20.4,41.6,0.0,0.0,0.01,-0.002,0.0,-0.003,2.48e-06
74,109.4,20.4,42.0,-0.0,0.0,0.0,-0.002,0.0,-0.003,2.48e-06
75,109.9,20.4,42.4,-0.0,0.0,0.0,-0.002,0.0,-0.003,2.48e-06
76,110.4,20.4,42.8,0.0,0.0,0.01,-0.002,0.0,-0.003,2.47e-06
77,110.9,20.4,43.2,0.0,0.0,0.01,-0.002,0.0,-0.003,2.48e-06
78,111.3,20.4,43.5,0.0,0.0,0.01,-0.002,0.0,-0.003,2.48e-06
79,111.8,20.4,43.9,0.0,0.0,0.01,-0.002,0.0,-0.003,2.47e-06
80,112.3,20.4,44.3,0.0,0.0,-0.0,-0.002,0.0,-0.003,2.48e-06
81,112.8,20.4,44.7,0.0,0.0,0.01,-0.002,0.0,-0.003,2.48e-06
82,113.3,20.4,45.0,0.0,0.0,0.02,-0.002,0.0,-0.003,2.48e-06
83,113.8,20.4,45.4,0.0,0.0,0.01,-0.002,0.0,-0.003,2.48e-06
84,114.3,20.4,45.8,0.0,0.0,0.01,-0.002,0.0,-0.003,2.48e-06
85,114.7,20.4,46.2,0.0,0.0,0.0,-0.002,0.0,-0.003,2.48e-06
86,115.3,20.4,46.6,0.0,0.0,0.01,-0.002,0.0,-0.003,2.48e-06
87,115.7,20.4,47.0,0.0,0.0,0.02,-0.002,0.0,-0.003,2.48e-06
88,116.2,20.4,47.5,0.0,0.0,0.01,-0.002,0.0,-0.003,2.48e-06
89,116.7,20.4,47.9,0.0,0.0,0.01,-0.002,0.0,-0.003,2.48e-06
90,117.2,20.4,48.3,0.0,0.0,0.01,-0.002,0.0,-0.003,2.48e-06
91,117.8,20.4,48.8,0.0,0.0,0.01,-0.002,0.0,-0.003,2.48e-06
92,118.2,20.4,49.2,0.0,0.0,0.01,-0.002,0.0,-0.003,2.48e-06
93,118.7,20.4,49.6,0.0,0.0,-0.01,-0.002,0.0,-0.003,2.48e-06
94,119.2,20.4,50.0,0.0,0.0,0.01,-0.002,0.0,-0.002,2.48e-06
95,119.7,20.4,50.4,0.0,0.0,0.01,-0.002,0.0,-0.002,2.48e-06
96,120.2,20.4,50.8,0.0,0.0,0.01,-0.002,0.0,-0.002,2.48e-06
97,120.6,20.4,51.3,0.0,0.0,0.0,-0.002,0.0,-0.002,2.48e-06
98,121.1,20.4,51.6,0.0,0.0,0.01,-0.002,0.0,-0.002,2.48e-06
99,121.6,20.4,52.1,0.0,0.0,0.01,-0.002,0.0,-0.002,2.48e-06
100,122.1,20.4,52.5,0.0,0.0,0.02,-0.002,0.0,-0.002,2.48e-06
101,122.6,20.4,53.0,0.0,0.0,0.01,-0.002,0.0,-0.002,2.48e-06
102,123.1,20.4,53.4,0.0,0.0,0.0,-0.002,0.0,-0.002,2.48e-06
103,123.5,20.4,53.8,0.0,0.0,0.01,-0.002,0.0,-0.002,2.48e-06
104,124.1,20.4,54.2,0.0,0.0,0.01,-0.002,0.0,-0.002,2.48e-06
105,124.6,20.4,54.7,0.0,0.0,0.02,-0.002,0.0,-0.002,2.48e-06
106,125.0,20.4,55.1,-0.0,0.0,0.02,-0.002,0.0,-0.002,2.47e-06
107,125.5,20.4,55.6,0.0,0.0,0.02,-0.002,0.0,-0.002,2.47e-06
108,126.0,20.4,56.0,0.0,0.0,0.01,-0.002,0.0,-0.002,2.47e-06
109,126.5,20.4,56.4,0.0,0.0,0.01,-0.002,0.0,-0.002,2.47e-06
110,127.0,20.4,56.9,0.0,0.0,0.0,-0.002,0.0,-0.002,2.47e-06
111,127.4,20.4,57.3,0.0,0.0,0.0,-0.002,0.0,-0.002,2.47e-06
112,127.9,20.4,57.8,0.0,0.0,0.01,-0.002,0.0,-0.002,2.47e-06
113,128.4,20.4,58.2,0.0,0.0,0.01,-0.002,0.0,-0.002,2.47e-06
114,128.9,20.4,58.7,0.0,0.0,0.01,-0.002,0.0,-0.002,2.47e-06
115,129.4,20.4,59.2,0.0,0.0,0.01,-0.002,0.0,-0.002,2.47e-06
116,129.8,20.4,59.6,0.0,0.0,0.01,-0.002,0.0,-0.002,2.47e-06
117,130.3,20.4,60.1,0.0,0.0,0.01,-0.002,0.0,-0.002,2.46e-06
118,130.8,20.4,60.5,0.0,0.0,0.0,-0.002,0.0,-0.002,2.46e-06
119,131.3,20.4,60.9,0.0,0.0,0.01,-0.002,0.0,-0.002,2.46e-06
120,131.8,20.4,61.4,0.0,0.0,0.01,-0.002,0.0,-0.002,2.46e-06
121,132.2,20.4,61.9,0.01,0.0,0.01,-0.002,0.0,-0.002,2.46e-06
122,132.7,20.4,62.3,0.0,0.0,0.0,-0.002,0.0,-0.002,2.46e-06
123,133.2,20.4,62.7,0.0,0.0,0.01,-0.002,0.0,-0.002,2.46e-06
124,133.7,20.4,63.2,0.0,0.0,0.01,-0.001,0.0,-0.002,2.46e-06
125,134.2,20.4,63.6,0.0,0.0,0.01,-0.001,0.0,-0.002,2.46e-06
126,134.7,20.4,64.1,0.0,0.0,0.01,-0.001,0.0,-0.002,2.46e-06
127,135.1,20.4,64.6,0.0,0.0,0.01,-0.001,0.0,-0.002,2.46e-06
128,135.6,20.4,65.0,0.0,0.0,0.0,-0.001,0.0,-0.002,2.45e-06
129,136.1,20.4,65.4,0.0,0.0,-0.0,-0.001,0.0,-0.001,2.45e-06
130,136.6,20.4,65.9,0.0,0.0,0.02,-0.001,0.0,-0.001,2.45e-06
131,137.1,20.4,66.3,0.0,0.0,0.01,-0.001,0.0,-0.001,2.45e-06
132,137.6,20.4,66.8,0.0,0.0,0.01,-0.001,0.0,-0.001,2.45e-06
133,138.1,20.4,67.3,0.0,0.0,-0.0,-0.001,0.0,-0.001,2.45e-06
134,138.5,20.4,67.7,0.0,0.0,0.01,-0.001,0.0,-0.001,2.45e-06
135,139.0,20.4,68.1,0.0,0.0,0.01,-0.001,0.0,-0.001,2.45e-06
136,139.5,20.4,68.6,0.0,0.0,0.01,-0.001,0.0,-0.001,2.45e-06
137,140.0,20.4,69.0,0.0,0.0,0.01,-0.001,0.0,-0.001,2.45e-06
138,140.5,20.4,69.5,0.0,0.0,0.01,-0.001,0.0,-0.001,2.45e-06
139,141.0,20.4,69.9,0.0,0.0,0.01,-0.001,0.0,-0.001,2.44e-06
140,141.4,20.4,70.4,0.0,0.0,0.02,-0.001,0.0,-0.001,2.44e-06
141,142.0,20.4,70.9,0.0,0.0,0.0,-0.001,0.0,-0.001,2.44e-06
142,142.5,20.4,71.3,0.0,0.0,0.01,-0.001,0.0,-0.001,2.44e-06
143,143.0,20.4,71.8,0.0,0.0,-0.0,-0.001,0.0,-0.001,2.44e-06
144,143.5,20.4,72.2,0.0,0.0,0.03,-0.001,0.0,-0.001,2.44e-06
145,143.9,20.4,72.7,0.0,0.0,0.01,-0.001,0.0,-0.001,2.44e-06
146,144.4,20.4,73.1,0.0,0.0,0.01,-0.001,0.0,-0.001,2.44e-06
147,144.9,20.4,73.5,0.0,0.0,0.02,-0.001,0.0,-0.001,2.44e-06
148,145.4,20.4,73.9,0.0,0.0,-0.0,-0.001,0.0,-0.001,2.44e-06
149,145.9,20.4,74.3,0.0,0.0,0.01,-0.001,0.0,-0.001,2.43e-06
150,146.3,20.4,74.8,0.0,0.0,0.01,-0.001,0.0,-0.001,2.43e-06
151,146.8,20.4,75.2,0.0,0.0,0.0,-0.001,0.0,-0.001,2.43e-06
152,147.3,20.4,75.6,0.0,0.0,0.02,-0.001,0.0,-0.001,2.43e-06
153,147.8,20.4,76.0,0.0,0.0,0.01,-0.001,0.0,-0.001,2.43e-06
154,148.3,20.4,76.4,0.0,0.0,0.0,-0.001,0.0,-0.001,2.43e-06
155,148.8,20.4,76.8,0.0,0.0,0.01,-0.001,0.0,-0.001,2.43e-06
156,149.2,20.4,77.2,0.0,0.0,0.01,-0.001,0.0,-0.001,2.43e-06
157,149.7,20.4,77.6,0.0,0.0,-0.0,-0.001,0.0,-0.001,2.43e-06
158,150.2,20.4,78.0,0.0,0.0,0.02,-0.001,0.0,-0.0,2.43e-06
159,150.7,20.4,78.4,0.0,0.0,0.03,-0.001,0.0,-0.0,2.43e-06
160,151.2,20.4,78.8,0.0,0.0,0.02,-0.001,0.0,-0.0,2.43e-06
161,151.7,20.4,79.3,0.0,0.0,0.01,-0.001,0.0,-0.0,2.43e-06
162,152.2,20.5,79.7,0.0,0.0,0.01,-0.001,0.0,-0.0,2.43e-06
163,152.6,20.5,80.1,0.0,0.0,0.02,-0.001,0.0,-0.0,2.43e-06
164,153.1,20.5,80.5,0.0,0.0,0.01,-0.001,0.0,-0.0,2.43e-06
165,153.6,20.5,80.9,0.0,0.0,0.0,-0.001,0.0,-0.0,2.43e-06
166,154.1,20.5,81.3,-0.0,0.0,0.02,-0.001,0.0,-0.0,2.42e-06
167,154.5,20.5,81.7,0.01,0.0,0.02,-0.001,0.0,-0.0,2.42e-06
168,155.1,20.5,82.1,0.0,0.0,0.02,-0.001,0.0,-0.0,2.42e-06
169,155.5,20.5,82.5,0.0,0.0,0.01,-0.001,0.0,-0.0,2.42e-06
170,156.0,20.5,82.9,0.0,0.0,0.03,-0.001,0.0,-0.0,2.42e-06
171,156.5,20.5,83.3,0.0,0.0,0.01,-0.001,0.0,-0.0,2.42e-06
172,157.0,20.5,83.7,0.0,0.0,0.02,-0.001,0.0,-0.0,2.42e-06
173,157.5,20.5,84.1,0.0,0.0,0.01,-0.001,0.0,0.0,2.42e-06
174,158.0,20.5,84.4,-0.0,0.0,0.02,-0.001,0.0,0.0,2.42e-06
175,158.4,20.5,84.8,0.0,0.0,0.01,-0.001,0.0,0.0,2.42e-06
176,158.9,20.5,85.2,0.0,0.0,0.01,-0.001,0.0,0.0,2.42e-06
177,159.4,20.5,85.6,0.0,0.0,0.02,-0.001,0.0,0.0,2.42e-06
178,159.9,20.5,85.9,0.0,0.0,0.01,-0.001,0.0,0.0,2.42e-06
179,160.4,20.5,86.4,0.0,0.0,0.02,-0.001,0.0,0.0,2.42e-06
180,160.9,20.5,86.7,0.0,0.0,0.02,-0.001,0.0,0.0,2.42e-06
181,161.4,20.5,87.1,0.0,0.0,0.0,-0.001,0.0,0.0,2.42e-06
182,161.8,20.5,87.5,-0.0,0.0,0.02,-0.001,0.0,0.0,2.42e-06
183,162.4,20.5,87.9,0.01,0.0,0.02,-0.001,0.0,0.0,2.42e-06
184,162.8,20.5,88.2,0.0,0.0,0.01,-0.001,0.0,0.0,2.41e-06
185,163.3,20.5,88.6,0.0,0.0,0.01,-0.001,0.0,0.0,2.41e-06
186,163.8,20.5,88.9,0.0,0.0,0.0,-0.001,0.0,0.0,2.41e-06
187,164.2,20.5,89.3,0.0,0.0,0.01,-0.001,0.0,0.0,2.41e-06
188,164.8,20.5,89.6,0.0,0.0,0.01,-0.001,0.0,0.001,2.41e-06
189,165.2,20.5,90.0,0.01,0.0,0.01,-0.001,0.0,0.001,2.41e-06
190,165.7,20.5,90.4,0.0,0.0,0.0,-0.001,0.0,0.001,2.41e-06
191,166.2,20.5,90.7,0.0,0.0,0.01,-0.001,0.0,0.001,2.41e-06
192,166.7,20.5,91.0,0.0,0.0,0.02,-0.001,0.0,0.001,2.41e-06
193,167.2,20.5,91.3,0.0,0.0,0.02,-0.001,0.0,0.001,2.41e-06
194,167.7,20.5,91.7,0.0,0.0,0.01,-0.001,0.0,0.001,2.41e-06
195,168.2,20.5,92.0,0.0,0.0,0.01,-0.001,0.0,0.001,2.41e-06
196,168.6,20.5,92.4,0.0,0.0,0.01,-0.001,0.0,0.001,2.41e-06
197,169.1,20.5,92.7,0.0,0.0,0.01,-0.001,0.0,0.001,2.41e-06
198,169.6,20.5,93.1,0.0,0.0,0.03,-0.001,0.0,0.001,2.41e-06
199,170.1,20.5,93.4,0.0,0.0,0.0,-0.001,0.0,0.001,2.41e-06
200,170.6,20.5,93.7,0.0,0.0,0.02,-0.001,0.0,0.001,2.41e-06
201,171.1,20.5,94.1,0.0,0.0,0.01,-0.001,0.0,0.001,2.41e-06
202,171.5,20.5,94.4,-0.0,0.0,0.01,-0.001,0.0,0.001,2.41e-06
203,172.0,20.5,94.7,0.0,0.0,0.01,-0.001,0.0,0.001,2.41e-06
204,172.5,20.5,95.1,0.0,0.0,0.0,-0.001,0.0,0.001,2.41e-06
205,173.0,20.5,95.4,0.0,0.0,0.01,-0.001,0.0,0.001,2.41e-06
206,173.5,20.5,95.7,0.0,0.0,-0.0,-0.001,0.0,0.001,2.41e-06
207,173.9,20.5,96.1,0.0,0.0,0.01,-0.001,0.0,0.001,2.41e-06
208,174.4,20.5,96.4,0.0,0.0,0.01,-0.001,0.0,0.001,2.41e-06
209,174.9,20.5,96.7,0.0,0.0,0.02,-0.001,0.0,0.001,2.41e-06
210,175.4,20.5,97.0,0.0,0.0,-0.0,-0.001,0.0,0.001,2.41e-06
211,175.9,20.5,97.3,0.0,0.0,0.02,-0.001,0.0,0.001,2.41e-06
212,176.4,20.5,97.6,0.0,0.0,0.01,-0.001,0.0,0.001,2.41e-06
213,176.8,20.5,98.0,0.0,0.0,0.01,-0.001,0.0,0.001,2.41e-06
214,177.3,20.5,98.3,0.01,0.0,0.01,-0.001,0.0,0.001,2.41e-06
215,177.8,20.5,98.6,0.0,0.0,0.02,-0.001,0.0,0.001,2.4e-06
216,178.3,20.5,98.9,0.0,0.0,0.02,-0.001,0.0,0.001,2.4e-06
217,178.8,20.5,99.2,0.0,0.0,0.01,-0.001,0.0,0.001,2.4e-06
218,179.3,20.5,99.5,0.0,0.0,0.0,-0.001,0.0,0.002,2.4e-06
219,179.7,20.5,99.8,0.0,0.0,0.01,-0.001,0.0,0.002,2.4e-06
220,180.2,20.5,100.2,0.0,0.0,0.01,-0.001,0.0,0.002,2.41e-06
221,180.7,20.5,100.5,0.0,0.0,0.01,-0.001,0.0,0.002,2.4e-06
222,181.2,20.5,100.8,0.0,0.0,0.01,-0.001,0.0,0.002,2.4e-06
223,181.7,20.5,101.1,0.0,0.0,0.01,-0.001,0.0,0.002,2.4e-06
224,182.2,20.5,101.4,0.0,0.0,0.01,-0.001,0.0,0.002,2.4e-06
225,182.6,20.6,101.7,0.0,0.0,0.01,-0.001,0.0,0.002,2.4e-06
226,183.1,20.6,102.0,0.0,0.0,0.0,-0.001,0.0,0.002,2.4e-06
227,183.6,20.6,102.3,0.0,0.0,0.01,-0.001,0.0,0.002,2.4e-06
228,184.1,20.6,102.6,-0.0,0.0,0.01,-0.001,0.0,0.002,2.4e-06
229,184.5,20.6,103.0,0.0,0.0,0.0,-0.001,0.0,0.002,2.4e-06
230,185.1,20.6,103.3,0.0,0.0,0.02,-0.001,0.0,0.002,2.4e-06
231,185.5,20.6,103.6,0.0,0.0,0.01,-0.001,0.0,0.002,2.4e-06
232,186.0,20.6,103.9,0.0,0.0,0.01,-0.001,0.0,0.002,2.4e-06
233,186.5,20.6,104.2,0.0,0.0,0.0,-0.001,0.0,0.002,2.4e-06
234,187.0,20.6,104.5,0.0,0.0,0.02,-0.001,0.0,0.002,2.4e-06
235,187.5,20.6,104.8,0.0,0.0,0.02,-0.001,0.0,0.002,2.4e-06
236,187.9,20.6,105.1,0.0,0.0,0.02,-0.001,0.0,0.002,2.4e-06
237,188.5,20.6,105.4,0.0,0.0,0.02,-0.001,0.0,0.002,2.4e-06
238,188.9,20.6,105.7,0.0,0.0,0.02,-0.001,0.0,0.002,2.4e-06
239,189.4,20.6,106.0,0.0,0.0,0.01,-0.001,0.0,0.002,2.4e-06
240,189.9,20.6,106.2,0.0,0.0,0.01,-0.001,0.0,0.002,2.4e-06
241,190.4,20.6,106.6,0.0,0.0,0.01,-0.001,0.0,0.002,2.4e-06
242,190.8,20.6,106.9,0.0,0.0,0.0,-0.001,0.0,0.002,2.4e-06
243,191.3,20.6,107.1,0.0,0.0,0.02,-0.001,0.0,0.002,2.4e-06
244,191.8,20.6,107.4,0.0,0.0,0.01,-0.001,0.0,0.002,2.4e-06
245,192.3,20.6,107.7,0.0,0.0,0.01,-0.001,0.0,0.002,2.4e-06
246,192.8,20.6,108.0,0.0,0.0,0.01,-0.001,0.0,0.002,2.4e-06
247,193.3,20.6,108.3,0.0,0.0,0.02,-0.001,0.0,0.002,2.4e-06
248,193.7,20.6,108.5,0.0,0.0,0.02,-0.001,0.0,0.003,2.4e-06
249,194.2,20.6,108.8,0.0,0.0,0.01,-0.001,0.0,0.003,2.4e-06
250,194.7,20.6,109.0,0.01,0.0,0.02,-0.001,0.0,0.003,2.4e-06
251,195.2,20.6,109.3,0.0,0.0,0.01,-0.001,0.0,0.003,2.4e-06
252,195.7,20.6,109.6,0.0,0.0,0.02,-0.001,0.0,0.003,2.4e-06
253,196.1,20.6,109.8,0.0,0.0,0.01,-0.001,0.0,0.003,2.4e-06
254,196.6,20.6,110.1,-0.0,0.0,0.01,-0.001,0.0,0.003,2.4e-06
255,197.1,20.6,110.4,0.0,0.0,0.0,-0.001,0.0,0.003,2.4e-06
256,197.6,20.6,110.6,0.0,0.0,0.02,-0.0,0.0,0.003,2.4e-06
257,198.0,20.6,110.9,0.0,0.0,0.01,-0.0,0.0,0.003,2.4e-06
258,198.5,20.6,111.1,0.0,0.0,0.01,-0.0,0.0,0.003,2.4e-06
259,199.0,20.6,111.4,-0.0,0.0,0.01,-0.0,0.0,0.003,2.4e-06
260,199.5,20.6,111.6,0.0,0.0,0.02,-0.0,0.0,0.003,2.4e-06
261,200.0,20.6,111.9,0.0,0.0,0.01,-0.0,0.0,0.003,2.4e-06
262,200.5,20.6,112.1,0.0,0.0,0.01,-0.0,0.0,0.003,2.4e-06
263,200.9,20.6,112.4,0.0,0.0,0.0,-0.0,0.0,0.003,2.4e-06
264,201.4,20.6,112.7,0.0,0.0,0.02,-0.0,0.0,0.003,2.4e-06
265,201.9,20.6,113.0,-0.0,0.0,0.01,-0.0,0.0,0.003,2.4e-06
266,202.4,20.6,113.2,0.0,0.0,0.01,-0.0,0.0,0.003,2.4e-06
267,202.8,20.6,113.5,0.0,0.0,0.01,-0.0,0.0,0.003,2.4e-06
268,203.3,20.6,113.7,0.0,0.0,0.01,-0.0,0.0,0.003,2.4e-06
269,203.8,20.6,113.9,0.0,0.0,0.0,-0.0,0.0,0.003,2.4e-06
270,204.3,20.6,114.1,0.0,0.0,0.01,-0.0,0.0,0.003,2.4e-06
271,204.8,20.6,114.4,0.0,0.0,0.01,-0.0,0.0,0.003,2.4e-06
272,205.3,20.6,114.6,0.0,0.0,0.01,-0.0,0.0,0.003,2.4e-06
273,205.7,20.6,114.9,0.0,0.0,0.01,-0.0,0.0,0.003,2.4e-06
274,206.2,20.6,115.1,0.01,0.0,0.01,-0.0,0.0,0.003,2.4e-06
275,206.7,20.6,115.4,0.0,0.0,0.02,-0.0,0.0,0.003,2.4e-06
276,207.1,20.6,115.6,0.0,0.0,0.01,-0.0,0.0,0.003,2.4e-06
277,207.6,20.6,115.8,0.0,0.0,0.01,-0.0,0.0,0.003,2.4e-06
278,208.1,20.6,116.1,0.0,0.0,0.01,-0.0,0.0,0.003,2.4e-06
279,208.6,20.6,116.3,-0.0,0.0,0.02,-0.0,0.0,0.004,2.4e-06
280,209.1,20.6,116.5,0.0,0.0,0.01,-0.0,0.0,0.004,2.4e-06
281,209.6,20.6,116.7,0.0,0.0,0.01,-0.0,0.0,0.004,2.39e-06
282,210.1,20.7,117.0,0.0,0.0,0.01,-0.0,0.0,0.004,2.39e-06
283,210.5,20.6,117.2,0.0,0.0,0.01,-0.0,0.0,0.004,2.4e-06
284,211.0,20.7,117.3,0.0,0.0,0.01,-0.0,0.0,0.004,2.4e-06
285,211.5,20.7,117.5,0.0,0.0,0.01,-0.0,0.0,0.004,2.4e-06
286,212.0,20.7,117.7,0.0,0.0,0.01,-0.0,0.0,0.004,2.39e-06
287,212.4,20.7,117.9,0.0,0.0,0.01,-0.0,0.0,0.004,2.4e-06
288,212.9,20.7,118.0,0.0,0.0,0.02,-0.0,0.0,0.004,2.4e-06
289,213.4,20.7,118.2,-0.0,0.0,0.02,-0.0,0.0,0.004,2.39e-06
290,213.9,20.7,118.4,0.0,0.0,0.01,-0.0,0.0,0.004,2.4e-06
291,214.4,20.7,118.6,0.0,0.0,0.01,-0.0,0.0,0.004,2.39e-06
292,214.8,20.7,118.8,0.0,0.0,0.01,-0.0,0.0,0.004,2.39e-06
293,215.3,20.7,119.0,0.0,0.0,0.01,-0.0,0.0,0.004,2.39e-06
294,215.8,20.7,119.1,0.0,0.0,0.02,-0.0,0.0,0.004,2.39e-06
295,216.3,20.7,119.3,0.0,0.0,0.02,-0.0,0.0,0.004,2.39e-06
296,216.8,20.7,119.5,0.0,0.0,0.01,-0.0,0.0,0.004,2.39e-06
297,217.2,20.7,119.7,0.0,0.0,0.01,-0.0,0.0,0.004,2.39e-06
298,217.7,20.7,119.9,0.0,0.0,0.02,-0.0,0.0,0.004,2.38e-06
299,218.2,20.7,120.0,0.0,0.0,0.01,-0.0,0.0,0.004,2.39e-06
300,218.7,20.7,120.1,0.0,0.0,0.01,-0.0,0.0,0.004,2.39e-06
301,219.1,20.7,120.3,0.0,0.0,0.01,-0.0,0.0,0.004,2.39e-06
302,219.7,20.7,120.4,0.0,0.0,0.02,-0.0,0.0,0.004,2.39e-06
303,220.1,20.7,120.5,0.0,0.0,0.01,-0.0,0.0,0.004,2.39e-06
304,220.6,20.7,120.7,0.0,0.0,0.01,-0.0,0.0,0.004,2.39e-06
305,221.1,20.7,120.8,0.0,0.0,0.01,-0.0,0.0,0.004,2.38e-06
306,221.5,20.7,120.9,0.0,0.0,0.02,-0.0,0.0,0.004,2.38e-06
307,222.0,20.7,121.1,0.0,0.0,0.02,-0.0,0.0,0.004,2.38e-06
308,222.5,20.7,121.2,0.01,0.0,0.02,-0.0,0.0,0.004,2.39e-06
309,223.0,20.7,121.4,0.0,0.0,0.01,-0.0,0.0,0.005,2.38e-06
310,223.5,20.7,121.5,0.01,0.0,0.02,-0.0,0.0,0.005,2.38e-06
311,223.9,20.7,121.6,0.0,0.0,0.02,-0.0,0.0,0.005,2.38e-06
312,224.4,20.7,121.7,0.0,0.0,0.0,-0.0,0.0,0.005,2.38e-06
313,224.9,20.7,121.8,0.0,0.0,-0.01,-0.0,0.0,0.005,2.38e-06
314,225.4,20.7,121.9,0.0,0.0,0.01,-0.0,0.0,0.005,2.38e-06
315,225.9,20.7,122.0,0.0,0.0,0.01,-0.0,0.0,0.005,2.38e-06
316,226.4,20.7,122.0,0.0,0.0,0.02,-0.0,0.0,0.005,2.38e-06
317,226.8,20.7,122.1,0.0,0.0,0.0,-0.0,0.0,0.005,2.38e-06
318,227.3,20.7,122.1,0.0,0.0,0.01,-0.0,0.0,0.005,2.38e-06
319,227.8,20.7,122.2,0.0,0.0,0.02,-0.0,0.0,0.005,2.38e-06
320,228.2,20.7,122.3,0.0,0.0,0.01,-0.0,0.0,0.005,2.38e-06
321,228.7,20.7,122.4,0.0,0.0,0.01,-0.0,0.0,0.005,2.38e-06
322,229.2,20.7,122.6,0.0,0.0,0.01,-0.0,0.0,0.005,2.38e-06
323,229.7,20.7,122.7,0.0,0.0,0.01,-0.0,0.0,0.005,2.38e-06
324,230.2,20.7,122.8,0.0,0.0,0.01,-0.0,0.0,0.005,2.38e-06
325,230.6,20.7,122.9,0.0,0.0,0.02,-0.0,0.0,0.005,2.38e-06
326,231.1,20.7,123.0,0.0,0.0,0.01,-0.0,0.0,0.005,2.38e-06
327,231.6,20.7,123.0,0.0,0.0,0.01,-0.0,0.0,0.005,2.38e-06
328,232.1,20.7,123.0,0.0,0.0,0.01,-0.0,0.0,0.005,2.38e-06
329,232.5,20.7,123.0,0.0,0.0,0.01,-0.0,0.0,0.005,2.38e-06
330,233.0,20.7,123.1,0.01,0.0,0.03,-0.0,0.0,0.005,2.38e-06
331,233.5,20.7,123.1,0.0,0.0,0.01,-0.0,0.0,0.005,2.38e-06
332,234.0,20.7,123.2,-0.0,0.0,0.01,-0.0,0.0,0.005,2.38e-06
333,234.5,20.7,123.2,0.0,0.0,0.0,0.0,0.0,0.005,2.38e-06
334,234.9,20.7,123.3,0.0,0.0,0.02,0.0,0.0,0.005,2.38e-06
335,235.4,20.8,123.4,0.0,0.0,0.02,0.0,0.0,0.005,2.38e-06
336,235.9,20.8,123.5,0.0,0.0,0.02,0.0,0.0,0.005,2.38e-06
337,236.4,20.8,123.5,0.0,0.0,0.01,0.0,0.0,0.005,2.38e-06
338,236.8,20.8,123.6,0.0,0.0,0.02,0.0,0.0,0.005,2.38e-06
339,237.3,20.8,123.7,0.0,0.0,0.02,0.0,0.0,0.005,2.38e-06
340,237.8,20.8,123.7,0.0,0.0,0.01,0.0,0.0,0.006,2.38e-06
341,238.3,20.8,123.7,0.0,0.0,0.01,0.0,0.0,0.006,2.38e-06
342,238.8,20.8,123.7,0.0,0.0,0.02,0.0,0.0,0.006,2.38e-06
343,239.2,20.8,123.7,0.0,0.0,0.0,0.0,0.0,0.006,2.38e-06
344,239.7,20.8,123.7,0.0,0.0,0.01,0.0,0.0,0.006,2.38e-06
345,240.2,20.8,123.7,0.0,0.0,0.01,0.0,0.0,0.006,2.38e-06
346,240.7,20.8,123.7,0.0,0.0,0.02,0.0,0.0,0.006,2.37e-06
347,241.1,20.8,123.7,-0.0,0.0,0.0,0.0,0.0,0.006,2.37e-06
348,241.6,20.8,123.8,0.0,0.0,0.01,0.0,0.0,0.006,2.38e-06
349,242.1,20.8,123.8,0.0,0.0,0.01,0.0,0.0,0.006,2.37e-06
350,242.6,20.8,123.8,0.01,0.0,0.01,0.0,0.0,0.006,2.38e-06
351,243.1,20.8,123.9,0.0,0.0,0.01,0.0,0.0,0.006,2.37e-06
352,243.5,20.8,123.9,0.0,0.0,0.01,0.0,0.0,0.006,2.37e-06
353,244.0,20.8,124.0,0.01,0.0,0.01,0.0,0.0,0.006,2.37e-06
354,244.5,20.8,124.0,0.0,0.0,0.01,0.0,0.0,0.006,2.37e-06
355,244.9,20.8,124.0,0.0,0.0,0.01,0.0,0.0,0.006,2.37e-06
356,245.5,20.8,124.1,0.0,0.0,0.02,0.0,0.0,0.006,2.37e-06
357,245.9,20.8,124.1,0.0,0.0,0.02,0.0,0.0,0.006,2.37e-06
358,246.4,20.8,124.1,0.0,0.0,0.01,0.0,0.0,0.006,2.37e-06
359,246.9,20.8,124.1,0.0,0.0,0.01,0.0,0.0,0.006,2.37e-06
360,247.4,20.8,124.1,-0.0,0.0,0.01,0.0,0.0,0.006,2.37e-06
361,247.9,20.8,124.1,0.0,0.0,0.02,0.0,0.0,0.006,2.37e-06
362,248.3,20.8,124.1,0.0,0.0,0.01,0.0,0.0,0.006,2.37e-06
363,248.8,20.8,124.1,0.0,0.0,0.01,0.0,0.0,0.006,2.37e-06
364,249.3,20.8,124.1,0.0,0.0,0.02,0.0,0.0,0.006,2.37e-06
365,249.8,20.8,124.1,0.0,0.0,0.01,0.0,0.0,0.006,2.37e-06
366,250.3,20.8,124.1,0.0,0.0,0.02,0.0,0.0,0.006,2.37e-06
367,250.8,20.8,124.1,0.0,0.0,0.01,0.0,0.0,0.006,2.37e-06
368,251.3,20.8,124.1,0.0,0.0,-0.0,0.0,0.0,0.006,2.37e-06
369,251.7,20.8,124.1,0.0,0.0,0.01,0.0,0.0,0.006,2.37e-06
370,252.2,20.8,124.1,0.0,0.0,0.0,0.0,0.0,0.006,2.37e-06
371,252.7,20.8,124.1,-0.0,0.0,0.01,0.0,0.0,0.006,2.37e-06
372,253.1,20.8,124.1,-0.0,0.0,0.01,0.0,0.0,0.007,2.37e-06
373,253.6,20.8,124.1,0.0,0.0,0.02,0.0,0.0,0.007,2.37e-06
374,254.1,20.8,124.1,0.0,0.0,0.01,0.0,0.0,0.007,2.37e-06
375,254.6,20.8,124.1,-0.0,0.0,0.01,0.0,0.0,0.007,2.37e-06
376,255.1,20.8,124.1,0.0,0.0,0.01,0.0,0.0,0.007,2.37e-06
377,255.5,20.8,124.1,0.0,0.0,0.02,0.0,0.0,0.007,2.37e-06
378,256.0,20.8,124.1,0.01,0.0,0.01,0.0,0.0,0.007,2.37e-06
379,256.5,20.8,124.1,0.0,0.0,0.01,0.0,0.0,0.007,2.37e-06
380,257.0,20.8,124.1,0.01,0.0,0.02,0.0,0.0,0.007,2.37e-06
381,257.4,20.8,124.1,0.0,0.0,0.0,0.0,0.0,0.007,2.37e-06
382,258.0,20.8,124.1,0.0,0.0,0.01,0.0,0.0,0.007,2.37e-06
383,258.4,20.8,124.1,0.0,0.0,0.01,0.0,0.0,0.007,2.37e-06
384,258.9,20.8,124.1,0.0,0.0,0.01,0.0,0.0,0.007,2.37e-06
385,259.4,20.8,124.1,0.0,0.0,0.02,0.0,0.0,0.007,2.37e-06
386,259.9,20.8,124.1,-0.0,0.0,0.0,0.0,0.0,0.007,2.37e-06
387,260.3,20.8,124.1,0.0,0.0,0.02,0.0,0.0,0.007,2.37e-06
388,260.8,20.8,124.1,0.0,0.0,0.0,0.0,0.0,0.007,2.37e-06
389,261.3,20.8,124.1,0.0,0.0,0.01,0.0,0.0,0.007,2.37e-06
390,261.8,20.8,124.1,0.0,0.0,0.01,0.0,0.0,0.007,2.37e-06
391,262.3,20.9,124.1,0.0,0.0,0.01,0.0,0.0,0.007,2.37e-06
392,262.7,20.9,124.0,0.0,0.0,0.01,0.0,0.0,0.007,2.37e-06
393,263.2,20.9,124.0,0.0,0.0,0.02,0.0,0.0,0.007,2.37e-06
394,263.7,20.9,123.9,-0.0,0.0,0.0,0.0,0.0,0.007,2.37e-06
395,264.2,20.9,123.9,0.0,0.0,0.01,0.0,0.0,0.007,2.37e-06
396,264.6,20.9,123.8,0.0,0.0,0.01,0.0,0.0,0.007,2.37e-06
397,265.1,20.9,123.8,0.0,0.0,0.01,0.0,0.0,0.007,2.37e-06
398,265.6,20.9,123.7,0.0,0.0,0.01,0.0,0.0,0.007,2.37e-06
399,266.1,20.9,123.7,0.0,0.0,0.01,0.0,0.0,0.007,2.37e-06
400,266.6,20.9,123.6,0.0,0.0,0.01,0.0,0.0,0.007,2.37e-06
401,267.1,20.9,123.5,0.0,0.0,0.01,0.0,0.0,0.007,2.37e-06
402,267.6,20.9,123.5,0.0,0.0,0.01,0.0,0.0,0.007,2.37e-06
403,268.0,20.9,123.4,0.0,0.0,0.01,0.0,0.0,0.007,2.37e-06
404,268.5,20.9,123.4,0.0,0.0,0.02,0.0,0.0,0.008,2.37e-06
405,269.0,20.9,123.3,0.0,0.0,0.01,0.0,0.0,0.008,2.37e-06
406,269.4,20.9,123.3,0.0,0.0,0.01,0.0,0.0,0.008,2.37e-06
407,270.0,20.9,123.2,0.0,0.0,0.01,0.0,0.0,0.008,2.37e-06
408,270.5,20.9,123.2,0.0,0.0,0.01,0.0,0.0,0.008,2.37e-06
409,270.9,20.9,123.1,0.0,0.0,0.02,0.0,0.0,0.008,2.37e-06
410,271.4,20.9,123.1,0.0,0.0,0.0,0.0,0.0,0.008,2.37e-06
411,271.9,20.9,123.0,0.0,0.0,0.01,0.0,0.0,0.008,2.37e-06
412,272.4,20.9,123.0,0.0,0.0,0.01,0.0,0.0,0.008,2.37e-06
413,272.9,20.9,122.9,0.0,0.0,0.01,0.0,0.0,0.008,2.37e-06
414,273.4,20.9,122.9,0.0,0.0,0.01,0.0,0.0,0.008,2.37e-06
415,273.8,20.9,122.9,0.0,0.0,0.01,0.0,0.0,0.008,2.37e-06
416,274.4,20.9,122.9,0.0,0.0,0.01,0.0,0.0,0.008,2.37e-06
417,274.8,20.9,122.8,0.0,0.0,0.01,0.0,0.0,0.008,2.37e-06
418,275.3,20.9,122.8,0.0,0.0,0.01,0.001,0.0,0.008,2.37e-06
419,275.8,20.9,122.8,0.0,0.0,0.01,0.001,0.0,0.008,2.37e-06
420,276.3,20.9,122.8,0.0,0.0,0.01,0.001,0.0,0.008,2.37e-06
421,276.7,20.9,122.7,0.0,0.0,0.01,0.001,0.0,0.008,2.37e-06
422,277.2,20.9,122.7,0.01,0.0,0.01,0.001,0.0,0.008,2.37e-06
423,277.7,20.9,122.7,0.0,0.0,0.01,0.001,0.0,0.008,2.37e-06
424,278.2,20.9,122.7,0.0,0.0,0.02,0.001,0.0,0.008,2.37e-06
425,278.6,20.9,122.6,0.0,0.0,0.01,0.001,0.0,0.008,2.37e-06
426,279.1,20.9,122.6,0.0,0.0,0.03,0.001,0.0,0.008,2.37e-06
427,279.6,20.9,122.6,0.0,0.0,0.01,0.001,0.0,0.008,2.37e-06
428,280.1,20.9,122.5,0.0,0.0,0.0,0.001,0.0,0.008,2.37e-06
429,280.6,20.9,122.5,0.0,0.0,0.01,0.001,0.0,0.008,2.37e-06
430,281.1,20.9,122.4,-0.0,0.0,0.01,0.001,0.0,0.008,2.37e-06
431,281.5,20.9,122.4,0.0,0.0,0.01,0.001,0.0,0.008,2.37e-06
432,282.0,20.9,122.3,0.01,0.0,0.01,0.001,0.0,0.008,2.37e-06
433,282.5,20.9,122.3,0.0,0.0,0.01,0.001,0.0,0.008,2.37e-06
434,283.0,20.9,122.2,0.0,0.0,0.02,0.001,0.0,0.008,2.37e-06
435,283.5,20.9,122.2,-0.0,0.0,0.0,0.001,0.0,0.008,2.36e-06
436,284.0,20.9,122.1,0.01,0.0,0.01,0.001,0.0,0.009,2.36e-06
437,284.4,20.9,122.1,0.0,0.0,-0.0,0.001,0.0,0.009,2.37e-06
438,284.9,20.9,122.0,0.0,0.0,0.01,0.001,0.0,0.009,2.37e-06
439,285.4,20.9,122.0,0.0,0.0,0.02,0.001,0.0,0.009,2.37e-06
440,285.9,20.9,122.0,-0.0,0.0,0.01,0.001,0.0,0.009,2.36e-06
441,286.4,20.9,121.9,0.0,0.0,0.02,0.001,0.0,0.009,2.37e-06
442,286.8,20.9,121.9,0.0,0.0,0.01,0.001,0.0,0.009,2.37e-06
443,287.3,20.9,121.8,0.0,0.0,0.0,0.001,0.0,0.009,2.37e-06
444,287.8,21.0,121.8,0.0,0.0,0.02,0.001,0.0,0.009,2.37e-06
445,288.2,20.9,121.8,0.0,0.0,0.01,0.001,0.0,0.009,2.36e-06
446,288.6,21.0,121.7,0.0,0.0,0.02,0.001,0.0,0.009,2.36e-06
447,288.9,21.0,121.7,0.0,0.0,0.01,0.001,0.0,0.009,2.36e-06
448,289.2,21.0,121.7,0.0,0.0,0.01,0.001,0.0,0.009,2.36e-06
449,289.5,21.0,121.6,0.0,0.0,0.01,0.001,0.0,0.009,2.36e-06
450,289.7,21.0,121.6,0.0,0.0,0.0,0.001,0.0,0.009,2.36e-06
451,289.9,21.0,121.6,0.0,0.0,0.01,0.001,0.0,0.009,2.36e-06
452,290.1,21.0,121.6,0.0,0.0,0.01,0.001,0.0,0.009,2.36e-06
453,290.3,21.0,121.5,0.0,0.0,0.01,0.001,0.0,0.009,2.36e-06
454,290.5,21.0,121.5,0.0,0.0,0.01,0.001,0.0,0.009,2.36e-06
455,290.6,21.0,121.4,0.0,0.0,0.02,0.001,0.0,0.009,2.36e-06
456,290.8,21.0,121.4,0.01,0.0,0.01,0.001,0.0,0.009,2.36e-06
457,290.9,21.0,121.3,0.0,0.0,0.0,0.001,0.0,0.009,2.36e-06
458,291.1,21.0,121.3,0.0,0.0,0.03,0.001,0.0,0.009,2.36e-06
459,291.2,21.0,121.3,0.0,0.0,0.02,0.001,0.0,0.009,2.36e-06
460,291.3,21.0,121.2,0.0,0.0,0.0,0.001,0.0,0.009,2.36e-06
461,291.4,21.0,121.2,0.0,0.0,0.01,0.001,0.0,0.009,2.36e-06
462,291.5,21.0,121.2,0.0,0.0,0.01,0.001,0.0,0.009,2.36e-06
463,291.6,21.0,121.1,0.0,0.0,0.02,0.001,0.0,0.009,2.36e-06
464,291.7,21.0,121.1,0.0,0.0,0.02,0.001,0.0,0.009,2.36e-06
465,291.8,21.0,121.1,0.01,0.0,-0.0,0.001,0.0,0.009,2.36e-06
466,291.8,21.0,121.1,0.0,0.0,0.01,0.001,0.0,0.009,2.36e-06
467,291.9,21.0,121.0,0.01,0.0,0.02,0.001,0.0,0.009,2.36e-06
468,292.0,21.0,121.0,0.0,0.0,0.02,0.001,0.0,0.01,2.36e-06
469,292.0,21.0,121.0,0.0,0.0,0.01,0.001,0.0,0.01,2.36e-06
470,292.1,21.0,120.9,0.0,0.0,0.01,0.001,0.0,0.01,2.36e-06
471,292.2,21.0,120.9,0.0,0.0,0.01,0.001,0.0,0.01,2.36e-06
472,292.2,21.0,120.9,0.0,0.0,0.0,0.001,0.0,0.01,2.36e-06
473,292.3,21.0,120.9,0.0,0.0,0.0,0.001,0.0,0.01,2.36e-06
474,292.3,21.0,120.8,0.0,0.0,0.01,0.001,0.0,0.01,2.36e-06
475,292.4,21.0,120.8,0.01,0.0,0.01,0.001,0.0,0.01,2.36e-06
476,292.4,21.0,120.8,0.0,0.0,0.01,0.001,0.0,0.01,2.36e-06
477,292.5,21.0,120.7,0.01,0.0,0.01,0.001,0.0,0.01,2.36e-06
478,292.5,21.0,120.7,0.0,0.0,-0.0,0.001,0.0,0.01,2.36e-06
479,292.6,21.0,120.7,0.0,0.0,0.0,0.001,0.0,0.01,2.36e-06
480,292.6,21.0,120.7,0.0,0.0,0.0,0.001,0.0,0.01,2.36e-06
481,292.7,21.0,120.6,0.0,0.0,-0.0,0.001,0.0,0.01,2.36e-06
482,292.7,21.0,120.6,0.0,0.0,-0.0,0.001,0.0,0.01,2.36e-06
483,292.8,21.0,120.6,0.01,0.0,-0.01,0.001,0.0,0.01,2.36e-06
484,292.8,21.0,120.6,0.0,0.0,-0.0,0.001,0.0,0.01,2.36e-06
485,292.9,21.0,120.5,0.0,0.0,0.0,0.001,0.0,0.01,2.36e-06
486,292.9,21.0,120.5,0.0,0.0,-0.01,0.001,0.0,0.01,2.36e-06
487,292.9,21.0,120.5,0.0,0.0,-0.01,0.001,0.0,0.01,2.36e-06
488,293.0,21.0,120.5,0.0,0.0,-0.01,0.001,0.0,0.01,2.36e-06
489,293.0,21.0,120.4,0.0,0.0,-0.01,0.001,0.0,0.01,2.36e-06
490,293.1,21.0,120.4,0.01,0.0,-0.02,0.001,0.0,0.009,2.36e-06
491,293.1,21.0,120.4,0.01,0.0,-0.01,0.001,0.0,0.009,2.36e-06
492,293.1,21.0,120.3,0.01,0.0,-0.01,0.001,0.0,0.009,2.36e-06
493,293.2,21.0,120.3,0.0,0.0,-0.03,0.001,0.0,0.009,2.36e-06
494,293.2,21.0,120.3,0.0,0.0,-0.02,0.001,0.0,0.009,2.36e-06
495,293.2,21.0,120.3,0.0,0.0,-0.02,0.001,0.0,0.009,2.36e-06
496,293.3,21.0,120.3,0.0,0.0,-0.01,0.001,0.0,0.009,2.36e-06
497,293.3,21.0,120.3,0.0,0.0,-0.02,0.001,0.0,0.009,2.36e-06
498,293.3,21.0,120.3,0.0,0.0,-0.02,0.001,0.0,0.009,2.36e-06
499,293.4,21.0,120.2,0.0,0.0,-0.02,0.001,0.0,0.009,2.36e-06
500,293.4,21.1,120.2,0.0,0.0,-0.05,0.001,0.0,0.009,2.36e-06
501,293.5,21.1,120.2,0.01,0.0,-0.03,0.001,0.0,0.009,2.36e-06
502,293.5,21.1,120.2,0.0,0.0,-0.03,0.001,0.0,0.009,2.36e-06
503,293.5,21.1,120.1,0.01,0.0,-0.04,0.001,0.0,0.009,2.36e-06
504,293.5,21.1,120.1,0.0,0.0,-0.04,0.001,0.0,0.008,2.36e-06
505,293.6,21.1,120.1,0.0,0.0,-0.03,0.001,0.0,0.008,2.36e-06
506,293.6,21.1,120.1,0.0,0.0,-0.02,0.001,0.0,0.008,2.36e-06
507,293.6,21.1,120.1,0.0,0.0,-0.04,0.001,0.0,0.008,2.36e-06
508,293.7,21.1,120.1,0.0,0.0,-0.03,0.001,0.0,0.008,2.36e-06
509,293.7,21.1,120.1,0.0,0.0,-0.05,0.001,0.0,0.008,2.36e-06
510,293.7,21.1,120.1,0.0,0.0,-0.04,0.001,0.0,0.008,2.35e-06
511,293.8,21.1,120.1,0.01,0.0,-0.04,0.001,0.0,0.008,2.36e-06
512,293.8,21.1,120.1,0.0,0.0,-0.05,0.001,0.0,0.008,2.36e-06
513,293.8,21.1,120.1,0.0,0.0,-0.05,0.001,0.0,0.007,2.36e-06
514,293.9,21.1,120.1,0.0,0.0,-0.04,0.001,0.0,0.007,2.36e-06
515,293.9,21.1,120.1,0.0,0.0,-0.04,0.001,0.0,0.007,2.35e-06
516,293.9,21.1,120.0,0.0,0.0,-0.03,0.001,0.0,0.007,2.36e-06
517,294.0,21.1,120.0,0.0,0.0,-0.04,0.001,0.0,0.007,2.35e-06
518,294.0,21.1,120.0,0.0,0.0,-0.05,0.001,0.0,0.007,2.36e-06
519,294.0,21.1,120.0,0.01,0.0,-0.04,0.001,0.0,0.007,2.36e-06
520,294.0,21.1,119.9,0.0,0.0,-0.04,0.001,0.0,0.007,2.35e-06
521,294.1,21.1,119.9,0.0,0.0,-0.04,0.001,0.0,0.006,2.36e-06
522,294.1,21.1,119.9,0.0,0.0,-0.04,0.001,0.0,0.006,2.36e-06
523,294.1,21.1,119.8,-0.0,0.0,-0.04,0.001,0.0,0.006,2.35e-06
524,294.2,21.1,119.8,0.0,0.0,-0.04,0.001,0.0,0.006,2.36e-06
525,294.2,21.1,119.8,0.0,0.0,-0.05,0.001,0.0,0.006,2.35e-06
526,294.2,21.1,119.7,-0.0,0.0,-0.04,0.001,0.0,0.006,2.35e-06
527,294.2,21.1,119.7,0.0,0.0,-0.05,0.001,0.0,0.006,2.35e-06
528,294.3,21.1,119.7,-0.0,0.0,-0.05,0.001,0.0,0.006,2.36e-06
529,294.3,21.1,119.7,-0.0,0.0,-0.05,0.001,0.0,0.006,2.36e-06
530,294.3,21.1,119.6,0.0,0.0,-0.05,0.001,0.0,0.005,2.35e-06
531,294.4,21.1,119.6,-0.0,0.0,-0.04,0.001,0.0,0.005,2.35e-06
532,294.4,21.1,119.6,-0.0,0.0,-0.04,0.001,0.0,0.005,2.35e-06
533,294.4,21.1,119.6,-0.0,0.0,-0.05,0.001,0.0,0.005,2.35e-06
534,294.4,21.1,119.7,-0.0,0.0,-0.05,0.001,0.0,0.005,2.35e-06
535,294.5,21.1,119.7,-0.0,0.0,-0.05,0.001,0.0,0.005,2.35e-06
536,294.5,21.1,119.7,-0.0,0.0,-0.03,0.001,0.0,0.005,2.35e-06
537,294.5,21.1,119.8,-0.0,0.0,-0.04,0.001,0.0,0.004,2.35e-06
538,294.5,21.1,119.8,-0.0,0.0,-0.04,0.001,0.0,0.004,2.35e-06
539,294.6,21.1,119.8,-0.0,0.0,-0.04,0.001,0.0,0.004,2.35e-06
540,294.6,21.1,119.8,-0.0,0.0,-0.04,0.001,0.0,0.004,2.35e-06
541,294.6,21.1,119.8,-0.0,0.0,-0.04,0.001,0.0,0.004,2.35e-06
542,294.6,21.1,119.8,-0.01,0.0,-0.04,0.001,0.0,0.004,2.35e-06
543,294.7,21.1,119.8,-0.0,0.0,-0.03,0.001,0.0,0.004,2.35e-06
544,294.7,21.1,119.8,-0.01,0.0,-0.05,0.001,0.0,0.004,2.35e-06
545,294.7,21.1,119.8,-0.0,0.0,-0.04,0.001,0.0,0.003,2.35e-06
546,294.7,21.1,119.7,-0.0,0.0,-0.03,0.001,0.0,0.003,2.35e-06
547,294.7,21.1,119.7,-0.0,0.0,-0.04,0.001,0.0,0.003,2.35e-06
548,294.8,21.1,119.6,-0.0,0.0,-0.04,0.001,0.0,0.003,2.35e-06
549,294.8,21.1,119.5,-0.01,0.0,-0.04,0.001,0.0,0.003,2.35e-06
550,294.8,21.1,119.5,-0.01,0.0,-0.03,0.001,0.0,0.003,2.35e-06
551,294.8,21.1,119.5,-0.0,0.0,-0.03,0.001,0.0,0.003,2.35e-06
552,294.8,21.1,119.4,-0.01,0.0,-0.03,0.001,0.0,0.003,2.35e-06
553,294.9,21.1,119.4,-0.01,0.0,-0.03,0.001,0.0,0.003,2.35e-06
554,294.9,21.1,119.3,-0.01,0.0,-0.04,0.001,0.0,0.002,2.35e-06
555,294.9,21.1,119.3,-0.01,0.0,-0.03,0.001,0.0,0.002,2.35e-06
556,294.9,21.1,119.3,-0.01,0.0,-0.04,0.001,0.0,0.002,2.35e-06
557,294.9,21.1,119.2,-0.01,0.0,-0.02,0.001,0.0,0.002,2.35e-06
558,295.0,21.1,119.2,-0.01,0.0,-0.03,0.001,0.0,0.002,2.35e-06
559,295.0,21.1,119.2,-0.01,0.0,-0.03,0.001,0.0,0.002,2.35e-06
560,295.0,21.1,119.2,-0.01,0.0,-0.04,0.001,0.0,0.002,2.35e-06
561,295.0,21.1,119.3,-0.01,0.0,-0.02,0.001,0.0,0.002,2.35e-06
562,295.0,21.1,119.3,-0.01,0.0,-0.04,0.001,0.0,0.002,2.35e-06
563,295.0,21.1,119.4,-0.01,0.0,-0.04,0.001,0.0,0.002,2.35e-06
564,295.1,21.1,119.4,-0.01,0.0,-0.02,0.001,0.0,0.002,2.35e-06
565,295.1,21.1,119.5,-0.01,0.0,-0.04,0.001,0.0,0.001,2.35e-06
566,295.1,21.1,119.5,-0.01,0.0,-0.02,0.001,0.0,0.001,2.35e-06
567,295.1,21.1,119.5,-0.01,0.0,-0.02,0.001,0.0,0.001,2.35e-06
568,295.1,21.1,119.5,-0.01,0.0,-0.02,0.001,0.0,0.001,2.35e-06
569,295.1,21.1,119.5,-0.01,0.0,-0.03,0.001,0.0,0.001,2.35e-06
570,295.1,21.1,119.5,-0.01,0.0,-0.03,0.001,0.0,0.001,2.35e-06
571,295.2,21.1,119.5,-0.01,0.0,-0.03,0.001,0.0,0.001,2.35e-06
572,295.2,21.1,119.5,-0.01,0.0,-0.03,0.001,0.0,0.001,2.35e-06
573,295.2,21.1,119.5,-0.01,0.0,-0.02,0.001,0.0,0.001,2.35e-06
574,295.2,21.1,119.4,-0.01,0.0,-0.03,0.001,0.0,0.001,2.35e-06
575,295.2,21.1,119.4,-0.01,0.0,-0.03,0.001,0.0,0.001,2.35e-06
576,295.2,21.1,119.3,-0.01,0.0,-0.02,0.001,0.0,0.001,2.35e-06
577,295.3,21.1,119.3,-0.01,0.0,-0.03,0.001,0.0,0.001,2.35e-06
578,295.3,21.1,119.3,-0.01,0.0,-0.01,0.001,0.0,0.0,2.35e-06
579,295.3,21.1,119.2,-0.01,0.0,-0.01,0.001,0.0,0.0,2.35e-06
580,295.3,21.1,119.2,-0.01,0.0,-0.04,0.0,0.0,0.0,2.35e-06
581,295.3,21.1,119.1,-0.01,0.0,-0.02,0.0,0.0,0.0,2.35e-06
582,295.3,21.1,119.1,-0.01,0.0,-0.03,0.0,0.0,0.0,2.35e-06
583,295.3,21.1,119.0,-0.01,0.0,-0.02,0.0,0.0,0.0,2.35e-06
584,295.3,21.1,119.0,-0.01,0.0,-0.03,0.0,0.0,0.0,2.35e-06
585,295.4,21.1,119.0,-0.01,0.0,-0.03,0.0,0.0,-0.0,2.35e-06
586,295.4,21.1,119.0,-0.01,0.0,-0.01,0.0,0.0,-0.0,2.35e-06
587,295.4,21.1,119.0,-0.01,0.0,-0.02,0.0,0.0,-0.0,2.35e-06
588,295.4,21.1,119.0,-0.01,0.0,-0.02,0.0,0.0,-0.0,2.35e-06
589,295.4,21.1,119.0,-0.01,0.0,-0.02,0.0,0.0,-0.0,2.35e-06
590,295.4,21.0,119.1,-0.01,0.0,-0.03,0.0,0.0,-0.0,2.35e-06
591,295.4,21.0,119.1,-0.01,0.0,-0.02,0.0,0.0,-0.0,2.35e-06
592,295.4,21.0,119.2,-0.01,0.0,-0.01,0.0,0.0,-0.0,2.35e-06
593,295.5,21.0,119.2,-0.01,0.0,-0.03,0.0,0.0,-0.001,2.35e-06
594,295.5,21.0,119.3,-0.01,0.0,-0.02,0.0,0.0,-0.001,2.35e-06
595,295.5,21.0,119.3,-0.01,0.0,-0.01,0.0,0.0,-0.001,2.35e-06
596,295.5,21.0,119.3,-0.0,0.0,-0.02,0.0,0.0,-0.001,2.35e-06
597,295.5,21.0,119.4,-0.01,0.0,-0.02,0.0,0.0,-0.001,2.35e-06
598,295.5,21.0,119.4,-0.01,0.0,-0.01,0.0,0.0,-0.001,2.35e-06
599,295.5,21.0,119.4,-0.01,0.0,-0.01,-0.0,0.0,-0.001,2.35e-06
600,295.5,21.0,119.3,-0.01,0.0,-0.02,-0.0,0.0,-0.001,2.35e-06
601,295.5,21.0,119.3,-0.01,0.0,-0.02,-0.0,0.0,-0.001,2.35e-06
602,295.6,21.0,119.3,-0.01,0.0,-0.01,-0.0,0.0,-0.001,2.35e-06
603,295.6,21.0,119.2,-0.01,0.0,-0.02,-0.0,0.0,-0.001,2.35e-06
604,295.6,21.0,119.2,-0.01,0.0,-0.01,-0.0,0.0,-0.001,2.35e-06
605,295.6,21.0,119.1,-0.01,0.0,-0.01,-0.0,0.0,-0.001,2.35e-06
606,295.6,21.0,119.1,-0.01,0.0,-0.02,-0.0,0.0,-0.001,2.35e-06
607,295.6,21.0,119.0,-0.0,0.0,-0.02,-0.0,0.0,-0.001,2.35e-06
608,295.6,21.0,119.0,-0.01,0.0,-0.02,-0.0,0.0,-0.001,2.35e-06
609,295.6,21.0,119.0,-0.01,0.0,-0.01,-0.0,0.0,-0.001,2.35e-06
610,295.6,21.0,118.9,-0.01,0.0,-0.03,-0.0,0.0,-0.001,2.35e-06
611,295.6,21.0,118.9,-0.01,0.0,-0.0,-0.0,0.0,-0.001,2.35e-06
612,295.6,21.0,118.9,-0.01,0.0,-0.03,-0.0,0.0,-0.001,2.35e-06
613,295.6,21.0,118.9,-0.01,0.0,-0.02,-0.0,0.0,-0.002,2.35e-06
614,295.7,20.9,118.9,-0.01,0.0,-0.01,-0.0,0.0,-0.002,2.35e-06
615,295.7,20.9,118.9,-0.01,0.0,-0.03,-0.0,0.0,-0.002,2.35e-06
616,295.7,20.9,119.0,-0.01,0.0,-0.0,-0.0,0.0,-0.002,2.35e-06
617,295.7,20.9,119.0,-0.0,0.0,-0.01,-0.0,0.0,-0.002,2.35e-06
618,295.7,20.9,119.1,-0.01,0.0,-0.01,-0.0,0.0,-0.002,2.35e-06
619,295.7,20.9,119.2,-0.01,0.0,0.0,-0.0,0.0,-0.002,2.35e-06
620,295.7,20.9,119.2,-0.01,0.0,-0.01,-0.0,0.0,-0.002,2.35e-06
621,295.7,20.9,119.3,-0.01,0.0,-0.02,-0.0,0.0,-0.002,2.35e-06
622,295.7,20.9,119.3,-0.01,0.0,-0.01,-0.001,0.0,-0.002,2.35e-06
623,295.7,20.9,119.3,-0.0,0.0,-0.01,-0.001,0.0,-0.002,2.35e-06
624,295.7,20.9,119.3,-0.01,0.0,-0.02,-0.001,0.0,-0.002,2.35e-06
625,295.7,20.9,119.3,-0.01,0.0,-0.01,-0.001,0.0,-0.002,2.35e-06
626,295.8,20.9,119.3,-0.01,0.0,-0.02,-0.001,0.0,-0.002,2.35e-06
627,295.8,20.9,119.2,-0.01,0.0,-0.02,-0.001,0.0,-0.002,2.35e-06
628,295.8,20.9,119.2,-0.01,0.0,-0.02,-0.001,0.0,-0.002,2.35e-06
629,295.8,20.9,119.1,-0.01,0.0,-0.01,-0.001,0.0,-0.002,2.35e-06
630,295.8,20.9,119.1,-0.01,0.0,-0.01,-0.001,0.0,-0.002,2.35e-06
631,295.8,20.9,119.0,-0.01,0.0,-0.02,-0.001,0.0,-0.002,2.35e-06
632,295.8,20.9,119.0,-0.01,0.0,-0.02,-0.001,0.0,-0.002,2.35e-06
633,295.8,20.9,119.0,-0.01,0.0,-0.02,-0.001,0.0,-0.002,2.35e-06
634,295.8,20.9,118.9,-0.01,0.0,-0.01,-0.001,0.0,-0.002,2.35e-06
635,295.8,20.8,118.9,-0.01,0.0,-0.01,-0.001,0.0,-0.002,2.35e-06
636,295.8,20.8,119.0,-0.01,0.0,-0.01,-0.001,0.0,-0.003,2.35e-06
637,295.8,20.8,119.0,-0.01,0.0,-0.01,-0.001,0.0,-0.003,2.35e-06
638,295.8,20.8,119.0,-0.01,0.0,-0.01,-0.001,0.0,-0.003,2.35e-06
639,295.8,20.8,119.0,-0.01,0.0,-0.01,-0.001,0.0,-0.003,2.35e-06
640,295.8,20.8,119.1,-0.0,0.0,-0.03,-0.001,0.0,-0.003,2.35e-06
641,295.8,20.8,119.1,-0.01,0.0,-0.01,-0.001,0.0,-0.003,2.35e-06
642,295.8,20.8,119.2,-0.01,0.0,-0.02,-0.001,0.0,-0.003,2.35e-06
643,295.9,20.8,119.2,-0.01,0.0,-0.0,-0.001,0.0,-0.003,2.35e-06
644,295.9,20.8,119.2,-0.01,0.0,-0.01,-0.001,0.0,-0.003,2.35e-06
645,295.9,20.8,119.3,-0.01,0.0,-0.01,-0.001,0.0,-0.003,2.35e-06
646,295.9,20.8,119.3,-0.0,0.0,-0.01,-0.001,0.0,-0.003,2.35e-06
647,295.9,20.8,119.3,-0.0,0.0,-0.01,-0.001,0.0,-0.003,2.35e-06
648,295.9,20.8,119.3,-0.0,0.0,-0.02,-0.001,0.0,-0.003,2.35e-06
649,295.9,20.8,119.3,-0.01,0.0,-0.02,-0.001,0.0,-0.003,2.35e-06
650,295.9,20.8,119.3,-0.01,0.0,-0.01,-0.001,0.0,-0.003,2.35e-06
